-- ввод данных в таблицу
use CommercialHospital_KDZ

----- таблица Patient
insert into Patient(PatientID, SecondName, FirstName, MiddleName, Gender, PhoneNumber,[Address])
		values(1, 'Лебедева', 'Алёна','Глебовна','ж','7896058678', 'Пупалупия'),
			  (2, 'Лебедев', 'Адам','Андреевич','м','7896058678', 'Пупалупия'),
			  (3, 'Николаев', 'Святослав','Никитич','м','7896058678', 'Пупалупия'),
			  (4, 'Успенский', 'Михаил','Вячеславович','м','7896058678', 'Пупалупия'),
			  (5, 'Кузьмина', 'Василиса','Дмитриевна','ж','7896058678', 'Пупалупия'),
			  (6, 'Юдин', 'Денис','Викторович','м','7896058678', 'Пупалупия'),
			  (7, 'Степанов', 'Семён','Вячеславович','м','7896058678', 'Пупалупия'),
			  (8, 'Кудрявцева', 'Варвара','Кирилловна','ж','7896058678', 'Пупалупия'),
			  (9, 'Поляков', 'Егор','Миронович','м','7896058678', 'Пупалупия'),
			  (10, 'Киселёв', 'Ярослав','Владимирович','м','7896058678', 'Пупалупия')
select * from Patient


----- таблица Illness
insert into Illness (IllnessID, IllnessName, IllnessExtent)
		values (1, 'Инсульт', 2),
			   (2, 'Отравление', 1),
			   (3, 'Ожог', 4),
			   (4, 'Опухоль головного мозга', 1),
			   (5, 'Опухоль головного мозга', 2),
			   (6, 'Опухоль головного мозга', 3),
			   (7, 'Перелом ноги', 1),
			   (8, 'Перелом ноги', 2)



----- таблица Specification
insert into Specification(SpecialityID,SpecialityName)
		values(1,'Хирург'),
			  (2,'Нейеро хирург'),
			  (3,'Рентгенолог'),
			  (4,'Терапевт'),
			  (5,'Окулист'),
			  (6,'Глав врач'),
			  (7,'Главная медсестра'),
			  (8,'Медсестра'),
			  (9,'Аспирант'),
			  (10,'Регистратура')


----- Workers
insert into Workers(WorkerID,SecondName,FirstName,MiddleName,SpecialityID,EducationDegree)
	values(1, 'Трофимов', 'Артём','Иванович', 6, 'Высшее'),
		  (2, 'Наумов', 'Кирилл','Леонидович', 9, 'Аспирант'),
		  (3, 'Никонова', 'Дарина','Германовна', 2, 'Высшее'),
		  (4, 'Фролова', 'Айлин','Георгиевна', 1, 'Высшее'),
		  (5, 'Степанова', 'Варвара','Матвеевна', 1, 'Высшее'),
		  (6, 'Захаров', 'Дмитрий','Елисеевич', 3, 'Высшее'),
		  (7, 'Нефедова', 'Диана','Тимофеевна', 4, 'Высшее'),
		  (8, 'Михайлова', 'Алиса','Артёмовна', 5, 'Высшее'),
		  (9, 'Пугачева', 'Сафия','Михайловна', 7, 'Высшее'),
		  (10, 'Григорьева', 'Полина','Данииловна', 8, 'Высшее'),
		  (11, 'Фомина', 'София','Станиславовна', 8, 'Высшее'),
		  (12, 'Савин', 'Егор','Романович', 10, 'Высшее'),
		  (13, 'Некрасова', 'Вероника','Александровна', 10, 'Высшее')



--------- Hospital Room
-- 1 - есть места
-- 0 - нет мест
insert into HospitalRoom(RoomID,Gender,[Status], Capacity,MaxCapacity)
	values (1, 'м', 1, 3, 6),
		   (2, 'ж', 0, 6, 6),
		   (3, 'м', 0, 6, 6),
		   (4, 'ж', 1, 1, 6),
		   (5, 'м', 1, 2, 6),
		   (6, 'ж', 1, 4, 6)


----- таблица IllnessHistory
insert into IllnessHistory (CardID,PatientID,IllnessID,WorkerID,RoomID,IllnessStatus, DateIn, DateOut, TotalCost)
	values (1, 2, 4, 2, 1, 1, '2020-05-13', '2020-05-28', 1000000),
		   (2, 4, 1, 1, 4, 1, '2019-05-28', '2020-12-23', 34798),
		   (3, 3, 1, 10, 1, 1, '2020-05-28', '2020-10-28', 100),
		   (6, 1, 3, 1, 6, 1, '2021-03-04', '2021-03-07', 1000),
		   (7, 5, 5, 2, 6, 1, '2021-07-14', '2021-08-05', 1000)
delete from IllnessHistory

select* from IllnessHistory

------ Department-Room
insert into DepartmentRoom(RoomID,DepartmentID) 
	values (1, 1),
		   (2, 1),
		   (3, 2),
		   (4, 2),
		   (5, 3),
		   (6, 3)


------ таблица Department
insert into Department(DepartmentID,DepartmentName) 
	values (1, 'Хирургическое'),
		   (2, 'Терапевтическое'),
		   (3, 'Клиническое')


------ таблица Services
insert into [Services](ServiceID,ServiceName,Price) 
	values (1, 'Обследование', 1000),
		   (2, 'Оперирование опухоли головного мозга', 40000),
		   (3, 'Оперирование руки', 25000),
		   (4, 'Оперирование ноги', 35000),
		   (5, 'Клинические анализы', 3000)

----- Таблица Service-Illnesses
insert into ServiceIllness(CardID,ServiceID) 
	values (1, 5),
		   (2, 2),
		   (3, 1),
		   (6, 1),
		   (7, 1)

delete from ServiceIllness

----- Archive
insert into Archive (ArchiveID, CardID,DateIN, DateOut, WorkerID)
	values (1, 4, '2020-05-13', '2020-06-20', 8),
		   (2, 5, '2020-04-13', '2020-09-3', 4)
delete from Archive